{"cameraMode":{"drawMode":0,"name":"Shaded","section":"Shading Mode"},"sceneLighting":true,"audioPlay":false,"sceneViewState":{"m_AlwaysRefresh":false,"showFog":true,"showSkybox":true,"showFlares":true,"showImageEffects":true,"showParticleSystems":true,"showVisualEffectGraphs":true,"m_FxEnabled":true},"in2DMode":false,"pivot":{"x":0.39213791489601138,"y":2.269550085067749,"z":-13.837457656860352},"rotation":{"x":-0.03899215906858444,"y":-0.02038809098303318,"z":0.0008139375713653863,"w":-0.9990626573562622},"size":9.028281211853028,"orthographic":false}