{"cameraMode":{"drawMode":0,"name":"Shaded","section":"Shading Mode"},"sceneLighting":true,"audioPlay":false,"sceneViewState":{"m_AlwaysRefresh":false,"showFog":true,"showSkybox":true,"showFlares":true,"showImageEffects":true,"showParticleSystems":true,"showVisualEffectGraphs":true,"m_FxEnabled":true},"in2DMode":false,"pivot":{"x":3.6848928928375246,"y":1.8534669876098633,"z":11.434867858886719},"rotation":{"x":-0.015600890852510929,"y":-0.03299342095851898,"z":0.0005035666399635375,"w":-0.999358057975769},"size":9.028281211853028,"orthographic":false}