{"cameraMode":{"drawMode":0,"name":"Shaded","section":"Shading Mode"},"sceneLighting":true,"audioPlay":false,"sceneViewState":{"m_AlwaysRefresh":false,"showFog":true,"showSkybox":true,"showFlares":true,"showImageEffects":true,"showParticleSystems":true,"showVisualEffectGraphs":true,"m_FxEnabled":true},"in2DMode":false,"pivot":{"x":501.07476806640627,"y":126.3735580444336,"z":-235.63685607910157},"rotation":{"x":-0.009572490118443966,"y":0.08688488602638245,"z":-0.000836731109302491,"w":-0.9961901307106018},"size":9.028281211853028,"orthographic":false}