{"cameraMode":{"drawMode":0,"name":"Shaded","section":"Shading Mode"},"sceneLighting":true,"audioPlay":false,"sceneViewState":{"m_AlwaysRefresh":false,"showFog":true,"showSkybox":true,"showFlares":true,"showImageEffects":true,"showParticleSystems":true,"showVisualEffectGraphs":true,"m_FxEnabled":true},"in2DMode":false,"pivot":{"x":-2.1502273082733156,"y":0.15710419416427613,"z":-0.09666845947504044},"rotation":{"x":-0.13963113725185395,"y":0.12941941618919373,"z":-0.018411505967378618,"w":-0.9815388321876526},"size":9.028281211853028,"orthographic":false}