{"cameraMode":{"drawMode":0,"name":"Shaded","section":"Shading Mode"},"sceneLighting":true,"audioPlay":false,"sceneViewState":{"m_AlwaysRefresh":false,"showFog":true,"showSkybox":true,"showFlares":true,"showImageEffects":true,"showParticleSystems":true,"showVisualEffectGraphs":true,"m_FxEnabled":true},"in2DMode":false,"pivot":{"x":9.765056610107422,"y":-3.919776439666748,"z":122.13511657714844},"rotation":{"x":-0.023686299100518228,"y":-0.03867145627737045,"z":0.0009198585757985711,"w":-0.9989709258079529},"size":61.757022857666019,"orthographic":false}