{"cameraMode":{"drawMode":0,"name":"Shaded","section":"Shading Mode"},"sceneLighting":true,"audioPlay":false,"sceneViewState":{"m_AlwaysRefresh":false,"showFog":true,"showSkybox":true,"showFlares":true,"showImageEffects":true,"showParticleSystems":true,"showVisualEffectGraphs":true,"m_FxEnabled":true},"in2DMode":false,"pivot":{"x":2.358833074569702,"y":-28.65477180480957,"z":61.57415771484375},"rotation":{"x":-0.2169656604528427,"y":0.004693940281867981,"z":-0.0010431904811412097,"w":-0.9761601090431213},"size":37.431522369384769,"orthographic":false}